mu,sigma,nu,Alpha,B1,B2,B3
0.0,0.048548080664574875,4.598293055442437,0.04263420609514282,0.9748885976780896,2.0411921069893557,3.154801375317736
