mu,sigma
0.046025736452868296,0.04677993956391967
