ES Absolute,ES Diff from Mean
0.07523195248475634,0.12117235078020056
