ES Absolute,ES Diff from Mean
0.05046784401426312,0.09649358046621094
