VaR Absolute,VaR Diff from Mean
0.04021216986354848,0.08658605411897305
