mu,sigma,nu
0.04594039829636299,0.04544284518078705,6.336874964943411
