VaR Absolute,VaR Diff from Mean
0.030920416807415654,0.07694615326028395
