VaR Absolute,VaR Diff from Mean
0.041529613936006425,0.08747001223236942
