Stock,VaR95,ES95,VaR95_Pct,ES95_Pct
A,94.46037635479524,118.28937078608774,0.047230188177397624,0.05914468539304387
B,107.88042742523521,151.21817355641414,0.0359601424750784,0.050406057852138045
Total,152.5656843426059,199.7045322301786,0.03051313686852118,0.03994090644603572
