ES Absolute,ES Diff from Mean
0.07690595548332976,0.12242612280334136
